345,tikipod,thecreditslevel,35228,0,9097,2380
385,Rigas,RigasOne,7345,0,4815,1476
386,Rigas,RigasTwo,9450,0,6003,1806
428,tikipod,RAIDER,50558,0,15927,3776
429,ajallen88,3Columns,42766,0,6343,1624
430,ajallen88,MeatFactory,62785,0,7767,1950
435,ajallen88,MeatFactory02,64342,0,4940,1265
480,ajallen88,LaserSecurity,61441,0,3717,896
483,RobFearon,TheBastardroom,9220,0,2194,624
485,RobFearon,BumpyToad,18122,0,3284,904
486,bastionfan,Infiltrate,4898,0,4603,1611
488,RobFearon,LoveIsABastardfield,16485,0,2849,826
489,tikipod,RAILJUMP,85263,0,6783,1654
492,tlaine,KhazadDumb,8509,0,1476,404
493,test,EZPZ,4439,0,903,284
494,test,SpeedTest01,2173,0,3210,1227
495,MrTheDoc,FaithfulLeap,5791,0,3203,1075
496,Apocalypse,FirstTest,29143,0,3615,1003
497,liamflann3ry,area619,19422,0,2977,1025
498,tlaine,GreenLogic,6447,0,2474,653
499,Kagesha,OhRight,34374,0,2617,754
500,StixZadinia,TEST1,5189,0,1,1
501,DragonAge,agente,5194,0,2329,851
502,BlaBla2,TheMission,51161,0,3727,1032
504,MrTheDoc,Backtracking,8520,0,2033,584
505,liamflann3ry,save1,4235,0,2099,748
507,test,NuclearDisaster,4279,0,769,214
508,blabla2,SwitchUp,20312,0,2262,677
509,Xraziel,Jail,6121,0,2289,626
510,masterlead,Myfirstlevel,13496,0,1352,433
511,masterlead,DeathRun,7056,0,1368,441
512,Kagesha,OfficeInfiltration,40789,0,2412,662
513,Quartzrog,LASERDANCE,25870,0,241,70
515,test,SpeedTest02Preview,4222,0,169,59
516,mindfuct,ShadowSector,21216,0,1217,326
517,broseidon91,NoEscape,12118,0,419,124
519,izami,Switched,32812,0,502,132
520,hungrydave,thief,16657,0,194,50
521,blabla2,RoboPatrol,41577,0,2277,593
522,hungrydave,Tryhard,17784,0,646,185
523,ReLogIn,Escape1,16956,0,767,236
524,zombeh,lasertestcake,38503,0,335,109
525,ZveR,Reapeter,28402,0,29,9
526,Jak81,Jak01,4050,0,1661,651
535,Rushogon,Surprise,13423,0,2,1
536,test,SpeedTest02Final,4216,0,279,92
537,sildc,Underground,11280,0,127,35
540,Speed3DBall,Escape,8750,0,883,260
541,h3llspawn,Abandon1,14055,0,278,78
542,AnthonyQ,SittingDuckV1dot1,42589,0,757,208
543,Jachu1111,DarkFactory,10749,0,557,185
544,masterlead,EasiestMapEverMade,7367,0,1399,470
545,ZveR,Cubium,26502,0,52,14
546,hungrydave,Radial,10236,0,527,130
547,Thykka,TheVault,20690,0,101,29
550,Genova,GenovaCampaign1,17396,0,249,63
553,Edmund,CalisephLabs,14575,0,1674,451
554,Quartzrog,TreadLightly,39748,0,132,38
555,DrZedZ,ApertureLabs,9487,0,0,0
556,top1k,LazerAtack1,10165,0,380,113
557,top1k,pilot,7423,0,246,74
559,Nocche93,Nocchelevel,38711,0,918,245
560,DrZedZ,ApertureLabsFinal,9942,0,0,0
561,Xraziel,DanceInTheRed,10877,0,438,129
562,Huski,Roomsofdeathandfun,31450,0,595,214
565,tikipod,crouchingmonkey,37368,0,4189,1011
566,Prokurator,DaTest,32177,0,1293,428
567,GustavoM,NotSoFast,6538,0,0,0
569,murdoc2002,traphouse,15463,0,705,184
571,Nocche93,LabStealthMission,44445,0,1086,289
572,Xraziel,Faith,25137,0,2692,679
573,blabla2,BladeGrazer,54899,0,2449,626
574,GustavoM,AboveAndBeyond,10529,0,139,40
575,broseidon91,Infiltrate,36339,0,0,0
577,test,BalancedChaos,5041,0,36,11
578,GustavoM,DontMove,5478,0,1221,424
579,GustavoM,TheySeeMeRollin,6120,0,508,173
580,GustavoM,NinjaSaw,8953,0,116,32
581,test,AccessDenied,7083,0,37,12
582,GustavoM,LonelyCouple,37470,0,119,39
583,Dodgy,TestLab,14968,0,225,67
584,thinkTank,ALPHACOMPLEX,33514,0,1923,477
586,Baracs928,hackin,3992,0,1050,393
587,jordanstp,dethonator,102944,0,539,161
589,top1k,BadDayPart1,23688,0,1034,273
592,Baracs928,hackinfactory,6309,0,208,66
593,GustavoM,JUMP,7287,0,0,0
595,top1k,TETRIS,9710,0,1746,483
598,DoctorLemon,Create,2654,0,356,122
606,test,SpeedTest03,10174,0,0,0
607,Decripitone,eNTErCOMplex,40806,0,56,16
608,Erethas95,EscapePart1,24344,0,742,264
611,OldSoul,FirstMission,33684,0,1105,312
613,akareshi,HardStealth,8258,0,0,0
614,Spoonynator,LaserLab,23723,0,817,231
615,Nebuchaddy,Section6,56406,0,1875,450
616,khamel17,PanicRoom,12395,0,36,11
617,Robo,ROBO3,17885,0,276,83
619,thinkTank,BETACOMPLEX,21178,0,891,235
621,DontPanic,Hork1,47622,0,151,44
622,Robo,ROBO4,21115,0,635,197
623,ztxperiment,Patience1,3400,0,561,181
624,madninja,HamsterLair,20020,0,404,120
625,Blob1,RAVEPARTY,19386,0,515,144
626,Spoonynator,LaserLab2,50309,0,1018,281
628,dezm0nd,joypod,5386,0,640,258
631,Nocche93,PowerStationPart1,59587,0,259,70
632,warloq,JetSetGo,33918,0,147,42
633,Erethas95,EscapePrequel,88852,0,260,76
634,Henke,TheTower,114039,0,889,249
635,test,XYZs,9920,0,0,0
636,Snoperiht,Fuga,10595,0,17,6
637,gremlin81,TRAPED,8303,0,285,89
638,blabla2,AlteredMeat,56813,0,1600,418
640,test,EscapingAlcatraz2020,8396,0,44,12
641,Snoperiht,fuga1jump1logic,8990,0,0,0
642,Snoperiht,WhichSwitch,12474,0,314,91
643,Blob1,Lightyears,3576,0,247,70
644,Blob1,SecretSpeed,12637,0,583,216
645,Dodgy,Breakin,11864,0,213,64
648,top1k,MirrorsEdge,73108,0,306,83
649,Zanarias,Breach,92388,0,221,59
651,Glanco,Beginning,12638,0,582,154
653,Ph03niX,SmalThing,31392,0,484,141
655,warloq,Creeping,28121,0,144,39
656,Erethas95,BossFight01,21591,0,690,236
659,CubeJackal,CargoBay,11983,0,584,199
660,Xraziel,Bay6,38142,0,335,94
661,3XE,Traininghall,28361,0,744,203
662,LordTurtle,stairs,5092,0,646,258
663,Baracs928,hackinescape,17786,0,119,34
664,Baracs928,hackininsidefactory,13623,0,653,199
666,Baracs928,wiphackinsilo,18287,0,862,292
667,Darknox,Darknox,11291,0,200,57
668,Erethas95,EscapePart3,65414,0,477,131
669,DrRetro,TheRoom,11073,0,410,115
670,Decripitone,eNTErCOMplexS2OrAGE,129596,0,85,23
672,madninja,Tunnelz,33907,0,483,134
673,3XE,Downandup,154034,0,585,147
674,LinkkinL,Link,22135,0,723,300
675,Dodgy,InThroughTheSewers,24477,0,235,68
676,SerGreen,NUTS,12533,0,5,2
677,Nico26,TheCube,15453,0,312,96
678,ZveR,Heist,48539,0,19,7
679,Glanco,Clockwise,26032,0,249,61
682,Midona,StartAtTheEnd,25774,0,219,56
683,Glanco,Night,39799,0,739,198
684,AndreyMust19,area01,19035,0,401,119
685,DirtyBit2010,DangerousLevel,52579,0,849,254
686,ZveR,MovingMaze,39765,0,42,13
687,naccarius,Fibonacci,6085,0,570,179
688,Helix997,Area51Infiltration,34856,0,295,90
689,Helix997,Area51OnTheDucts,18621,0,151,53
690,Helix997,Area51RobotFactory,23572,0,322,93
691,Helix997,Area51ExtremeEscape,11716,0,493,131
692,madninja,Detours,13843,0,595,179
694,darkearz,pgmjump,5510,0,206,78
695,madninja,mario11,89892,0,820,238
696,keyp3r,keyp3r,18027,0,0,0
697,Robo,ROBO1,40347,0,633,201
699,shashank752,Torturechamber,3576,0,558,196
700,Fussen,1camera2buzzsaws,38610,0,647,220
701,Hamst3r,WetCat,80184,0,193,52
702,FrankyBoy,RoboKiLL,33400,0,129,37
703,darkdidi,test,5394,0,665,194
704,Arzenic,Relinked,19278,0,418,135
705,N0th,AlphaFacility,34846,0,168,44
706,Kalysh,SecretPath,32294,0,298,86
708,Elfish,BUZZY,5810,0,466,152
709,PureQuestion,TheChase,19541,0,617,202
710,Nico26,TheThreeRoom,14978,0,431,120
711,3XE,Indy1TheLostArkIntro,69563,0,570,161
712,nUggEt,FactoryFloor1,35513,0,247,76
713,Nihility,Derptest,11039,0,47,16
717,xxK1LLB0TTxx,SBKB01,9180,0,105,36
718,unsuphorse,MilkRun,35921,0,245,61
720,Reborn,SuperBastardBros,247107,0,112,28
726,Zeldrak,Masochism,41819,0,582,152
730,Nico26,TheThirdLevel,8869,0,454,132
731,ZveR,GlowRoad,27940,0,68,18
732,Clord,SolidAsSnake,9646,0,526,154
733,Genova,GenovaCampaign2,37304,0,333,86
734,ufozkosmosu,Action,38029,0,564,153
735,Aschema,HMA1,22450,0,583,188
736,Erethas95,EyeCancer,3683,0,717,284
737,Erethas95,BossFight2,13227,0,513,160
738,Erethas95,SpeedCheese01,13400,0,469,164
739,Erethas95,SpeedCheese02,38713,0,342,116
740,Clord,CrushedBastard,11549,0,279,85
743,diegzumillo,Tower,41706,0,192,54
745,Triumph,FirstTry,42677,0,199,62
746,Triumph,SecondTry,41936,0,179,49
747,ada99,RedLightRun,46969,0,956,257
748,soubok,soubok1,35443,0,199,48
749,PureQuestion,TheNightSky,16428,0,810,236
750,Triumph,Dstar,24163,0,532,206
751,Zergeant,LaserInfiltrater,37093,0,414,122
752,Zergeant,GoreFactoryBETA,57906,0,311,89
753,AndreyMust19,area02,24578,0,339,94
754,Zergeant,IntoTheCore,32308,0,88,26
756,leochok,Area01,15016,0,633,179
757,3XE,Centralswitch,32634,0,1001,245
759,Dman756,derp,6163,0,425,136
760,Xygon,Camber1,7644,0,406,148
761,cekirbh,FirstSteps,17868,0,505,221
762,mistapostle,Time,16792,0,217,71
763,ibelodedov,Lab,16149,0,391,126
764,trolololol,1242342,52542,0,0,0
765,T4k3ctrl,Shaun1,4316,0,409,136
766,mudking,MudPie,14519,0,158,50
768,3XE,Memorize,20429,0,856,248
770,fabiolcok,fabiolcok,22099,0,1029,254
771,3XE,Observe,20622,0,604,182
773,3XE,Launcher,29207,0,530,150
775,Clord,ShAWed,8152,0,340,106
776,Lareh,WhiteBackground,5553,0,458,128
777,Nihility,Impossiblelevel,10439,0,7,3
778,DDjava,Escapiffication,20695,0,144,52
779,hkijl,Hunted,53973,0,91,29
780,Genova,GenovaCampaign3,29196,0,143,39
782,Arzenic,Trialofpain,49934,0,363,107
783,Tosindo,AX09,4108,0,389,130
784,ubersoldat,asd345,4124,0,491,214
785,jameswest,testroom1,3089,0,146,44
786,Fionn32,Usus,20575,0,38,13
787,budaxvi,lazers,20524,0,33,9
788,Thor110,ShortButSweet,14206,0,510,170
790,ubersoldat,az09,5023,0,425,165
791,Clord,DeceivedLogic,6082,0,319,94
793,AndreyMust19,area03,13648,0,87,28
797,renderblend,myfirstlevel,24044,0,416,127
799,3XE,2Memorize,41935,0,116,31
800,Tosindo,AX09VERYCOOL,20562,0,494,152
801,mudking,Shafted,21939,0,102,25
803,shaitib,ShaitibsDefi,14294,0,110,28
804,tikipod,FirstSteps,28565,0,626,167
805,trolololol,youhavetobeaccurate,3403,0,166,47
806,nUggEt,Bay74,26582,0,246,66
807,Takoja,BeginnarseTraps,9969,0,451,142
808,Sigilos,Aneurysm,12349,0,208,59
809,Swat,hackinfactory,6283,0,0,0
814,SickDog,New,6575,0,434,144
815,leochok,GetDown,43765,0,267,76
817,Clord,RealBossFight,9169,0,39,12
818,SickDog,CoolPlayNow,6146,0,582,190
819,3XE,Splahscreen,16034,0,448,132
821,3XE,SplahScreen2Hard,17836,0,128,40
822,Ikari,CellX39Z,11869,0,463,129
823,Zed,FRIG,3330,0,247,93
824,jameswest,secretcastle,22320,0,197,53
825,mudking,CompundAlpha,24876,0,138,36
826,DoomS,funnytime,2383,0,396,159
827,MonkeyPunch,Laz0rFarm,21886,0,185,52
828,DDjava,EscapifficationV2,21644,0,58,16
829,jameswest,8mm,4189,0,469,169
830,mudking,SysFunction,24043,0,180,53
831,Genova,GenovaCampaign4,27546,0,142,36
833,Eric2707,EricLevel1,5145,0,376,113
834,Dodgy,UpsAndDowns,12184,0,255,72
835,tikipod,retrobastard,35933,0,1480,352
836,nUggEt,Nova,66028,0,329,87
837,3XE,TheRoom,27517,0,97,25
838,Eric2707,EricLevel2,7807,0,195,57
841,karismticprk,itsbeatable,12975,0,346,105
842,vizcaya,Riper,31826,0,417,119
843,jameswest,eclipse,10332,0,199,59
845,pommekiwi1,test,11691,0,321,124
846,nUggEt,ColourBlind,11067,0,319,95
847,Nazgul,NRZERO,12028,0,235,65
848,pommekiwi1,testtest,22613,0,254,97
849,pommekiwi1,pommeun,35072,0,204,67
850,Firzen777,Lab777,64108,0,1130,271
851,pommekiwi1,pommedeux,24241,0,173,54
852,pommekiwi1,pommetrois,5268,0,342,120
853,pommekiwi1,pommequatre,4418,0,346,124
854,jameswest,robotsoffice,35614,0,77,22
855,Destati,Hard1,14763,0,266,73
856,3XE,TheRoom2SafeZone,32304,0,530,125
857,ZveR,Pressing,9890,0,6,2
858,pommekiwi1,pommecinq,13286,0,196,69
859,pommekiwi1,pommesixx,15022,0,221,79
860,pommekiwi1,pommesepthard,6369,0,94,30
861,Firzen777,Lab777Jail,101804,0,713,169
862,Helegion1823,TRAP51,20319,0,496,149
864,Kolink,SpeedHack,24250,0,437,148
865,antymattar,gridlock,9489,0,75,21
866,Sigilos,QuickerThanYouThink,14591,0,209,61
867,Firzen777,Lab777TenLvl,167076,0,3519,794
868,Firzen777,pommesepthard,46196,0,239,75
869,antymattar,123,16532,0,369,101
870,leochok,TheSquare,12459,0,175,48
871,Firzen777,Lab777Rotation,74204,0,1489,348
872,oOaQuaOo,secretagent,85278,0,165,45
873,Kolink,Minesweeper,67319,0,18,7
874,brick64,testsimplelevel,2974,0,476,186
875,Helegion1823,Mecha51,16708,0,593,167
876,leochok,GoToTheRoof,14776,0,324,84
877,antymattar,Hazmadrone,10035,0,298,87
878,blacksudeki,premiertest,34475,0,544,197
879,Crykura,Oxpez,32676,0,66,19
880,Uprising,EscapeFromRoom,35815,0,514,159
881,Toto662,First,11098,0,46,13
882,szymonj32,Darkness,8514,0,264,80
886,Woitee,LaserShow,24137,0,0,0
888,BoLeK,test01,36025,0,480,180
889,Boringamus,TimelyEscape,7540,0,380,120
890,Boringamus,TrapTest,5632,0,409,134
891,Rne,RneOne,6252,0,46,14
893,14717,Mega,4833,0,677,253
894,StoneRabbit,101,27921,0,1096,302
895,Sneacker,TimeTrialol,64566,0,427,133
896,MonkeyPunch,TheMusem,103938,0,271,65
897,Gornova,Towers,5997,0,0,0
898,Sneacker,TimeTrailol2,31848,0,418,129
899,DarkeztShdwz,Rescue,34753,0,469,136
900,ouioui,mino0004,18481,0,604,146
901,giancarlo,giancarlo,6147,0,410,172
902,xRyuKeix,Course,36387,0,319,86
905,xRyuKeix,Vector,13435,0,437,129
906,Maxoumii,oulaoulala,7413,0,202,64
907,xRyuKeix,SwitchMaster,26998,0,309,91
908,Bertouille,Locked,5774,0,251,69
909,XxLEAHPARxX,XxSPYxX,6674,0,571,136
910,Maxel,test,34739,0,0,0
912,lucluigi,Chase,6467,0,69,28
913,XxLEAHPARxX,XxSPY2xX,12981,0,287,72
914,clem844,goodprotection,7616,0,515,157
918,ForestGump,Claustrophobe,30751,0,507,127
919,Arnax,SomeFun,10227,0,332,104
920,loub,greenfalse,12105,0,141,43
921,Golan,Codage,10229,0,89,26
922,Valgrim,Testlevel,15929,0,112,35
924,jukiter,Reflexion,4161,0,158,46
925,jukiter,First,20910,0,232,84
926,Valgrim,UndergroundEntry,16076,0,248,71
927,ouioui,CamerOn,21885,0,344,128
928,Shisoo,Shisoomap,12666,0,303,124
929,Luctum,TestLevel,17739,0,293,108
930,LeCroks,try,5067,0,196,53
932,cancan2006,TronTrainLab,50497,0,296,85
933,Elrizzt,MetalGear,28894,0,475,138
934,Elrizzt,Portal,24076,0,355,92
935,Valgrim,FirstStep,11568,0,59,18
936,Shisoo,Gotodie,8073,0,218,93
937,cancan2006,TronTrainLabV2,64395,0,300,84
938,XxLEAHPARxX,XxSPY3xX,17320,0,131,36
939,ForestGump,RUN,28189,0,262,71
940,namakama,HARDTIMEZ,36875,0,367,151
941,3XE,4Labyrinths,105231,0,202,50
943,loub,Fail,5956,0,198,54
944,Valgrim,UndergroundEntry2,25656,0,186,50
945,zecleanupGi,JumpRope,17049,0,166,49
946,DARKlink,DarkComplex,19962,0,100,27
948,Ydol,Ydolone,15447,0,289,78
954,Adulfen,LazersAndBuzzsaws,33987,0,75,25
955,tieumy,Untitled1,8477,0,189,55
956,XxLEAHPARxX,XxSPY4xX,16257,0,97,24
957,XxLEAHPARxX,BUG,43334,0,11,4
958,LeOxin,Resistance,19364,0,202,62
959,Aston,Traps,49048,0,382,98
960,StealthMonke,myfirstlevel,10442,0,307,97
962,DaftDef,Beware,14364,0,442,127
963,diegzumillo,detonatethecore,81068,0,220,53
965,DARKlink,DarkEXIT,35461,0,190,52
966,babaduv,DoorsTrick,34043,0,407,126
968,qantip,ThinkTrice,2886,0,351,97
969,syra,BallsOfSteal,8093,0,184,48
970,LordGluck,RBS,3749,0,258,79
971,Tommyco13,EasyLevel,12056,0,568,177
972,babaduv,SwitchesCode,23016,0,402,138
974,Genuigr,Triade,10862,0,467,146
975,litigationj,ErodedFacility,70326,0,535,148
976,piapiou,Entrance,26062,0,309,89
979,chiriusse,SuperMeetBoyTest,23167,0,484,202
980,chiriusse,HOOPERTHEONE,8695,0,323,88
981,SpajkPL,spajkplfirstlevel,11981,0,161,50
982,Tyrano73,ThereAndBack,9292,0,563,161
983,piapiou,Corridor,19042,0,413,111
984,DarkVamp13,SecretsGalore,12867,0,459,135
985,piapiou,Generator,14337,0,363,101
986,piapiou,VentilationPipe,19346,0,222,67
988,Yarflam,YarflamLevel,18420,0,102,33
990,syra,Arrow2theKnee,14996,0,576,155
992,Jikai,InfiltrateLevel1,40162,0,252,66
993,syra,Bucket2Head,29734,0,459,122
994,piapiou,GoOut,25216,0,729,190
996,Lemm7ng,Getaway,8930,0,562,189
999,Lemm7ng,Runaway,9118,0,1022,328
1000,Koemgen,WrongWay,5289,0,288,85
1002,Darknox,HellGate,33272,0,0,0
1003,MardukPain,Stealthscape,16052,0,437,135
1004,Maskim95,Firstrain,2322,0,342,109
1005,SaucePiK,PikFortress,9409,0,559,153
1006,RaptorAnton,mikeadventurer01,35532,0,377,118
1007,RaptorAnton,intruder01,7792,0,436,128
1008,RaptorAnton,MikeAdventurer02,36397,0,208,55
1009,samlakeside,simpleornot,17978,0,410,143
1010,Noxatur,Untitled5,24123,0,463,132
1011,H4z4rdK0r3,mI1RSTmAP,25339,0,76,25
1012,BlackJiM,Untitled23,37406,0,0,0
1017,ordonnateur,Untitled23,38270,0,111,38
1018,ouioui,Mino0010,22204,0,732,179
1019,shashank752,Divert,4333,0,217,74
1020,biksw,NotThatMuch,5620,0,10,4
1021,biksw,YouCanGetIt,3148,0,25,8
1022,turispe,dangerous,8402,0,189,54
1024,shashank752,StealthIdiot,6575,0,294,84
1025,shashank752,Faster,4575,0,351,116
1026,godaprince,FirstSteps,17873,0,280,130
1027,PierRoc,YouBetterRun,13304,0,273,75
1029,ouioui,mino76FR001,9719,0,230,71
1030,biksw,RODEO,4523,0,0,0
1033,ouioui,mino76FR0001,21482,0,100,26
1034,thedevon,231321,35988,0,363,160
1035,melenop,RODEO,4527,0,86,26
1036,illaudabilis,FirstSteps,17860,0,186,73
1037,clem844,TheCode,8153,0,196,52
1038,ptroptro,RobotRon,23915,0,218,70
1039,brataius,ONE,4724,0,155,48
1040,Exerz,MissionIsPossible,24926,0,186,58
1041,deadmeat1555,BeLikeWaterMyFriend,5722,0,465,120
1042,low,01Cave,26284,0,208,64
1043,Darkknife,Freefalling,31379,0,70,21
1044,thedevon,deathlab,39498,0,180,67
1045,d0t,levelone,10234,0,403,104
1046,Iaomai,Reactor,13121,0,114,31
1047,mino76FR,mino76FR001,9834,0,203,59
1048,Veng,Vengeance01,48059,0,182,53
1049,MadFortress,Firstmap,9244,0,263,103
1050,ozric79,BastardsXodus,25588,0,271,71
1052,Holalaman,Boucherie,9036,0,53,14
1053,PigeonMeat,TEST,5847,0,305,140
1054,Schbly,LaCave,8515,0,343,108
1055,rosishere,timekey,20656,0,267,95
1056,Hirymn,HardBloodLevel1,10901,0,82,23
1057,Hirymn,HirymnFirstLevel,7815,0,492,134
1058,ozric79,FactoryHazzards,28207,0,175,50
1059,Remy66,remy,5397,0,0,0
1061,youboss,test,3677,0,0,0
1062,XNEO,Unti,35554,0,202,81
1063,a0puncfan,Bay,12987,0,96,29
1068,zvinny1,LASERPLATFORMER,8174,0,186,56
1075,zvinny1,Choosewisely,30453,0,203,74
1076,4l3XuS,01Infiltration,79378,0,1376,324
1077,sagenarr,Portal,12529,0,151,44
1078,youboss,metro2012,9945,0,91,28
1079,creeper,jailed,32556,0,123,35
1080,jimmyR,CerveauEnCompote,6325,0,126,35
1081,jimmyR,FUZIONEURAL,12694,0,127,38
1082,jimmyR,marakas0Fury2,2530,0,244,77
1089,Videogameget,EscapeTheFactory,24091,0,555,147
1090,youboss,motarcell,11308,0,139,41
1094,Holalaman,FirstButNotFast,26569,0,604,151
1096,Lelektra,TwoGuardians,47830,0,218,64
1097,falso973,Foryourowngood,39331,0,235,70
1098,AristA,Quick,25196,0,279,87
1099,mino76FR,Mino76FRTest,11213,0,140,36
1100,sagenarr,Stealth,17227,0,388,107
1101,Ygdra,CodeRed,16516,0,334,99
1102,TheDarkDoll,POWAAAAAAA,34067,0,84,27
1103,Usfame,Usf2,6400,0,290,89
1104,owen000222,MISSIONSECRETPANEL,16298,0,427,131
1108,hiroyagami,hiroyagami01,25229,0,9,3
1109,rakoss,StealthOPS,15292,0,541,143
1110,Erethas95,TimedDoorTest,9757,0,284,124
1112,d0t,leveltwo,38956,0,259,77
1114,onichisan,EmmerdeurDeux,10951,0,13,4
1115,kenard,escape,7057,0,185,49
1116,gemGreg,TechoLab,10742,0,431,118
1120,a0puncfan,GatheringIntel,23836,0,161,42
1121,enzomayhem,test,1699,0,264,118
1122,kenard,cliffy,6005,0,392,109
1123,Boumy,DoubleHit,25261,0,61,17
1124,ItsxF,CUT,6582,0,94,27
1125,uinelj,Try,10500,0,209,64
1126,Battosaikyo,Bigui,9481,0,146,39
1127,Battosaikyo,Spin,11321,0,332,83
1128,Pseudomental,Testphase,27035,0,0,0
1129,zvinny1,The4chambers,19387,0,210,56
1131,gemGreg,TechoLab2,7131,0,271,85
1133,Ygdra,MirrorsEdgeWareHouse,105010,0,588,157
1134,XStratX,BackGround,33767,0,293,83
1135,NiiiCCooOlAs,FirstSteps,17860,0,360,168
1136,TheMobie,Hypercrate,70058,0,9,3
1137,TheMobie,HypercrateCheckP,70146,0,18,5
1138,jimmyR,ZuzuArena5,13598,0,35,10
1140,Veng,3Schools01,26533,0,632,179
1141,SBEric2707,ERICLEVEL3,7151,0,242,70
1142,nasyliv,INFILTRATION,20904,0,73,21
1143,hiroyagami,test01,10632,0,101,37
1145,fathinos,level1,3745,0,408,200
1146,gemGreg,TechoLab3,15163,0,386,128
1147,herezy92,FirstBlood,42384,0,321,94
1149,Battosaikyo,3way,11357,0,207,56
1152,Jofe17,Level6,20344,0,502,145
1153,Ju007,Crossworlds,16555,0,57,14
1154,gemGreg,TrapRoom,5294,0,230,76
1155,OBAKE,easier,5445,0,225,72
1156,pivottt,ThinkFastOrDieSoon,18463,0,320,88
1157,Grinjr,Bloodcavern,3406,0,322,108
1158,gemGreg,TargetExit,15133,0,327,94
1159,Trent,chalenge1,32621,0,341,88
1160,Guemelos,firstFacility,17435,0,379,119
1161,icefish,movazoid,42285,0,306,92
1162,icefish,smallfry,34373,0,256,80
1164,OBAKE,Fastidious,10598,0,231,66
1165,Gryffo,BreakInBreakOut,17802,0,108,28
1166,justiceheart,FRANK1,25461,0,425,129
1167,justiceheart,justice1,25462,0,587,179
1168,Brataius,onebrataius,2046,0,418,201
1170,thechaos,IdareYouToPassThis,37266,0,3,1
1172,SeriousSpy,SC1Infiltration,31687,0,399,154
1173,OBAKE,warpzone,14286,0,391,122
1174,lulero,unforgiving,38900,0,117,30
1178,Borntokill30,Essai1,38999,0,0,0
1180,SarahJayne,switchery,8625,0,405,129
1181,lulero,yeanle,27756,0,292,79
1182,Duc,Level2Duc,6931,0,134,36
1183,cmbocco,trainer,5523,0,423,146
1185,jeanfrancoiz,spaceportals,20249,0,110,33
1186,justiceheart,justice2,19805,0,322,105
1187,justiceheart,justice3,31316,0,483,146
1188,justiceheart,justice4,25202,0,511,153
1189,Boumy,DoubleDoors,25397,0,126,33
1192,cmbocco,Robotbase,12249,0,407,122
1193,Rusk,AutumnDream,5684,0,250,69
1194,Bastardof88,Bip,21211,0,410,144
1195,Rusk,SummerDream,8322,0,215,68
1196,Rusk,WinterDream,18100,0,176,47
1197,douilla,FallingRobots,7179,0,156,45
1198,lulero,prisonbreak,20234,0,384,107
1199,BlackSwan,Again,7441,0,188,57
1200,Qp0n,secret,15174,0,256,73
1201,Kolink,FirstRealLevel,32558,0,426,113
1202,nacis,Egypt,35996,0,581,194
1203,Guemelos,IndustrialSpying,26924,0,538,152
1204,mino76FR,oui00002,26438,0,252,80
1205,mino76FR,Noswitch,11010,0,216,74
1207,Boumy,HelpTheRobot,52813,0,105,24
1208,Toni09,RoomOfDeath,5535,0,383,116
1209,JohnDylan,WatchYourStep,31018,0,243,76
1210,a0puncfan,StealingIntel,24997,0,433,129
1211,QcPunisher1,Secrets,13579,0,229,72
1212,coe,divinesillence,6980,0,472,148
1213,coe,escaperV2,5078,0,154,46
1214,WMDWarbeast,WMD,5071,0,125,35
1215,psychovince,psychovince1,25467,0,279,74
1216,Skrivan,SAW1BathroomTrap,20526,0,347,133
1217,clemendoza,Deathchamber1,15779,0,352,121
1220,clemendoza,DEATHCHAMBER2,8034,0,172,55
1222,mino76FR,Secrets,13699,0,185,57
1226,Metzelmax,CHAMBER04,10535,0,183,52
1230,jpl,kylian1,4298,0,0,0
1231,SPCaine,Darkroom,30416,0,532,134
1232,Erall,Gord,5065,0,274,86
1233,SBEric2707,ERICSTEALTH,6580,0,275,83
1234,Spoontardis,PieceOfCake,7924,0,236,70
1235,BattleLaf,Abyss,76296,0,298,77
1236,havok4615,JumpNfun,14489,0,44,14
1237,LordSMB,RaysOfDeath,5606,0,205,61
1239,Metzelmax,LABYRINTH,17149,0,121,31
1240,Dacid,Portal,23666,0,307,98
1241,SpicyX,RainbowWarrior,48711,0,245,69
1243,Jeanrem,escape,13157,0,321,97
1244,Jofe17,Level7,13457,0,129,39
1245,mino76FR,Mino76FR0CODE,5381,0,180,69
1246,Jeanrem,escape2,5685,0,396,132
1247,SBEric2707,Labyrinthe,7060,0,265,74
1248,Stealthninja,Switcharoo,16224,0,291,90
1249,Stealthninja,TECH,20753,0,326,105
1250,Gargluike,TheTrash,24216,0,67,20
1251,Dracks977,Drackslaser,5257,0,331,100
1252,Stealthninja,Anunfairdisadvantage,3303,0,308,102
1253,Jeanrem,spymaster,11737,0,455,131
1254,Jeanrem,gotojail,11830,0,377,124
1255,Stealthninja,Gridlock,3162,0,360,107
1256,mino76FR,Train,19231,0,219,64
1257,Dominus,ApollosChamber,5347,0,290,114
1258,Dominus,Switchblade,6434,0,305,99
1259,Chapichapo,TheNighTcluB,128538,0,232,57
1260,Dominus,Slip,10543,0,194,59
1261,bigfatdude,ssbnest,34506,0,123,41
1262,bigfatdude,superstealthboy,17151,0,203,62
1263,ost,Ostfisk2,6199,0,305,96
1264,krystauff,KILLORKILL,10146,0,159,46
1265,DocSawbones,Section3Part1,27889,0,0,0
1266,Dracks977,umbra,6800,0,411,123
1267,DocSawbones,Section3Part1Fix1,27907,0,177,50
1268,n00bert,veryfewrobots,5220,0,361,117
1269,MisterJack05,ColourBastard,8204,0,366,131
1270,MisterJack05,DangerousColour,3196,0,371,136
1271,c7nt,CashInTheAttic,6400,0,41,13
1272,c7nt,Ca5hInTheAttic,6330,0,56,17
1273,bigfatdude,ssbcyberpunk,8480,0,192,58
1274,Jeanrem,firstarea,40563,0,364,104
1276,JackCraze,RoboticsFactory,17877,0,343,110
1277,a0puncfan,TimeToEscape,29568,0,284,83
1278,tamerlan,First,12904,0,172,50
1279,efce,sofast,20399,0,162,56
1280,jpl,ESSAIK1,1895,0,320,149
1281,Jeanrem,zabethslevel,8958,0,298,98
1282,jpl,ESSAIK2,4349,0,192,58
1283,MonsterkilL,Lasertag,5323,0,136,37
1284,Rayman,Complexe1,14294,0,319,95
1285,Metzelmax,LeapOfFaith,19934,0,257,76
1286,jpl,ESSAIK3,113432,0,235,72
1288,1NST1G8R,Nanospy,6977,0,270,76
1289,Stealthninja,Arenaofpossibleness,10953,0,326,136
1290,MonkeyGarret,Escapism,9855,0,317,116
1291,Metzelmax,WhatCouldGoWrong,19490,0,211,62
1293,sqrggq,labo,16462,0,135,39
1294,Daknard,Dknard,14016,0,0,0
1295,tamerlan,Second,93927,0,24,7
1296,Cony77270,WILSONxMORTxAxWALLxE,8267,0,77,25
1297,Metzelmax,CrackTheCode,29681,0,267,74
1298,jpl,lumiere,38655,0,227,73
1301,jpl,LEVELNO,8685,0,74,22
1302,Baddcog,PlatformParanoia,18285,0,351,98
1304,Verthis,dvdgs,7167,0,0,0
1305,Nivram,Testing,8028,0,259,89
1306,NSTsebb81,NSTstoryLv01,9623,0,185,56
1310,Metzelmax,WhatAMess,26194,0,92,25
1311,Steb8622,Timing,35458,0,99,26
1312,Adveksi,Enemyterritory,106450,0,335,105
1313,almund,almund01final,20691,0,116,29
1314,almund,almund02final,20172,0,109,32
1315,NSTsebb81,NSTstoryLv02,16031,0,50,14
1316,pecagemini,Darkling,10122,0,208,60
1319,Metzelmax,MindCraft,28043,0,208,61
1320,Watihem,Laser,31525,0,269,91
1321,NSTsebb81,NSTbonusLv01,2893,0,251,97
1322,Benjicairn,Precision1,4453,0,208,84
1324,NSTsebb81,NSTbonusLv02,21476,0,279,102
1329,NSTsebb81,ApertureLabs,9820,0,134,45
1330,NSTsebb81,NSTbonusLv03,6423,0,86,29
1331,rkanto,ALAN2,14875,0,33,10
1332,rkanto,Alan,6977,0,60,18
1334,pecagemini,DeadPortalZ,6151,0,103,30
1335,Steb8622,TheLAB,36452,0,160,44
1336,MonsterkilL,Jail,7766,0,158,49
1337,MonsterkilL,Jail2,15702,0,146,44
1340,jpl,CRAZYLEVEL,5338,0,132,43
1341,amid86,TelePortation,32909,0,86,20
1342,jpl,CRELEVEL,47161,0,97,32
1343,kaitoIkari,black01,14799,0,320,122
1347,Arc81,LOWER,20884,0,171,49
1348,zahory,test,7248,0,168,51
1350,Metzelmax,IndianJonesCubeLove,24144,0,139,38
1351,jpl,newlevel,7781,0,121,40
1352,BLASTVOY,TheDeathSaysHello,33846,0,108,31
1353,djnoy,BaseAssault1,39797,0,167,47
1355,Floxyy,LaserRevenge,45088,0,31,10
1356,NSTsebb81,NSTstoryLv03,26238,0,30,8
1357,efce,Switch,2646,0,148,50
1358,jpl,5KYLAN,11072,0,60,20
1360,rkanto,Alan3,10805,0,0,0
1361,rkanto,trainofdead,12802,0,20,6
1362,ramy,lol,12243,0,130,40
1363,Eric2707,EricFun,11175,0,260,68
1364,pipomolo1979,PipomoloLvl1,17398,0,38,14
1365,rkanto,Alan31,10766,0,22,6
1366,jpl,87LIP,31547,0,177,51
1367,rkanto,towerofterror,23044,0,0,0
1368,UnrealVision,ClassicFear1,31294,0,183,46
1369,amid86,KillTheRobot,37639,0,49,15
1371,amid86,InTheBox,9772,0,108,33
1372,Metzelmax,CrossingTheBeam,44265,0,57,15
1373,kniroid,infiltration,33128,0,227,74
1374,coe,EmptySpace,20635,0,110,33
1375,coe,LaserBreaker,19395,0,101,29
1376,MouMoute45,1st,9832,0,188,63
1377,martinsua24,SHUadventure,14835,0,148,54
1379,alex7850,Assault,110923,0,31,9
1380,Konohan,Test,1878,0,0,0
1381,NSTsebb81,NSTbonusLv04,4293,0,40,12
1382,NSTsebb81,NSTbonusLv05,25381,0,156,57
1383,NSTsebb81,NSTbonusLv06,25388,0,56,16
1385,NSTsebb81,NSTbonusLv08,15697,0,119,35
1386,NSTsebb81,NSTbonusLv09,4656,0,38,12
1388,NSTsebb81,NSTbonusLv10,19296,0,45,13
1389,Gnay,Letsmove,24119,0,49,13
1395,kniroid,gates,35419,0,63,20
1397,NSTsebb81,NSTbonusLv07,36754,0,57,17
1398,DEATHezz,TWIN,13480,0,37,11
1399,Drunge,KanardWC01,91084,0,99,29
1400,Radimay2,firstfloorplz,10413,0,41,12
1401,MCCO2242,zecrosse,22541,0,150,50
1402,diegzumillo,detonatethecoreUPDT,87031,0,277,65
1403,diegzumillo,StopTheRocket,85426,0,201,53
1404,babounia,Space,10331,0,27,8
1405,RectalTerror,FunkyRobots,31748,0,122,34
1406,babounia,UnderSpace,11101,0,126,35
1407,Floxyy,ClimbIt,29934,0,238,62
1408,coe,sentinelheadpart1,8286,0,12,4
1409,coe,sentinelheadpart2,7873,0,8,3
1410,coe,sentinelheadpart3,7308,0,16,5
1411,Rakki,Easyway,6757,0,0,0
1415,Mikael1971,Mikael197105,11509,0,190,57
1416,Rogamol,Pichacard1,6555,0,213,77
1417,Rogamol,Pichacard2,6675,0,338,113
1418,Rakki,AbsolutePath,39868,0,295,81
1419,Rakki,HardStealth,8164,0,0,0
1421,Stealthninja,Unseensimplicty,9373,0,288,118
1422,Stealthninja,Portalmadness,6179,0,329,140
1423,Stealthninja,PitofDOOOOOOOOOM,4931,0,117,35
1424,Stealthninja,MazeofStealth,11543,0,121,47
1425,tix,tix,5749,0,331,156
1427,Draithak,0000111010110,4962,0,145,40
1428,psicolico,numb3rs,34950,0,54,16
1429,Foggy,Museum,8077,0,413,122
1430,Draithak,Irreversible,4471,0,24,7
1431,Frksurf,Frk,51755,0,83,20
1432,Draithak,Evasion,12180,0,22,7
1433,Draithak,xpjump,6357,0,49,15
1434,Stealthninja,Mazeofbewilderment,32743,0,254,99
1435,Ozi,FirstSteps,17861,0,265,139
1436,Gnay,doodlejumpv1,15370,0,188,51
1437,diegzumillo,GrabTheSpherePart1,161688,0,134,34
1444,WarpZone64,multipleroutesnotile,11888,0,86,22
1445,mudking,phase1,33820,0,12,4
1446,babounia,OfSpace,23225,0,107,30
1448,Orava,FirstSteps,17852,0,254,110
1449,Jez,DownTheHatch,42377,0,220,57
1452,bboydadoux,bboydadoux,27138,0,263,80
1453,killer13,LaserWalls,3696,0,209,79
1454,yoyodu69,NightyoArena,6567,0,121,37
1455,NSTsebb81,NSTstoryLv03deluxeEd,26161,0,44,13
1456,NSTsebb81,NSTstoryLv02deluxeEd,16035,0,42,11
1457,NSTsebb81,NSTstoryLv01deluxeEd,9606,0,245,68
1458,nathan31220,HardStealth,8256,0,39,12
1459,SynysterBear,Patience,37084,0,201,64
1463,nathan31220,towerofterror,22988,0,46,13
1465,xux,WalkInThePark,19932,0,241,61
1466,nathan31220,1242342,52263,0,205,88
1467,ugriffin,Identified,7149,0,203,71
1468,Hamish,LeapOfFaith,97083,0,515,127
1469,Hamish,PirateShip,70666,0,213,57
1470,Hamish,Secrets,35621,0,1167,275
1472,griswold,AllAboutTrust,35855,0,184,52
1473,griswold,SBIndustriesLab001,35863,0,312,82
1474,griswold,SBIndustriesLab002,53313,0,255,71
1475,griswold,SBIndustriesLab003,41006,0,290,78
1476,bboydadoux,nivodadoux,43138,0,98,29
1477,GeNRix,GeNCorp1,8769,0,288,93
1478,GeNRix,GeNCorp2,12635,0,17,6
1479,GeNRix,GeNCorp3,19556,0,155,45
1483,nathan31220,HypercrateCheckP,70041,0,8,3
1484,nathan31220,Section3Part1,30288,0,85,26
1485,nathan31220,Fuga,10492,0,106,29
1488,nathan31220,fuga1jump1logic,9075,0,89,26
1489,nathan31220,Hypercrate,70059,0,27,8
1491,nathan31220,Testphase,27337,0,67,20
1495,nathan31220,remy,5747,0,67,24
1496,dskhfsldf,FirstSteps,17864,0,238,110
1497,superlouis66,Switchvent,4617,0,180,65
1498,mino76FR,Mirroir,9201,0,233,67
1499,mino76FR,TEST1,5315,0,171,49
1500,mino76FR,Surprise,13860,0,94,26
1501,parea99,portal,32039,0,370,127
1502,WarpZone64,multipleroutes,173403,0,143,39
1504,bboydadoux,Marsdadoux,52769,0,82,22
1505,Zuicker,Mansion,15803,0,309,83
1506,Jeffel,Intrusion,11660,0,194,55
1508,tix,tix2,36932,0,308,103
1509,Russellman,EscapeTheAsylum,5465,0,452,132
1510,Jeffel,omega,14492,0,36,10
1511,Monsterkill,Jailbreak,16426,0,237,61
1512,Elyfinthiel,Shade250,24217,0,51,16
1513,Elyfinthiel,Ananas,11675,0,77,21
1514,Biviers,Ombres,4613,0,196,61
1515,Jeffel,Spouitch,8930,0,154,44
1516,Monsterkill,Tetris,27188,0,111,27
1517,Jeffel,NoStress,19461,0,92,22
1518,Homegrown,lud,34497,0,39,12
1519,arttu97,random,16266,0,145,46
1520,Homegrown,lud2fix,34501,0,23,8
1521,diegzumillo,GrabTheSpherePart2,244341,0,155,38
1522,Biviers,DISCO,4372,0,133,36
1523,RAMINTORNE,FASTFAST,8259,0,316,118
1525,RAMINTORNE,DOORS,7556,0,350,112
1527,Thaales,BasicNHard,7660,0,264,85
1528,Thaales,Easy,8572,0,284,92
1529,Thaales,Impossible01,41922,0,204,63
1530,Thaales,MyPerfectCreation,8772,0,318,102
1531,Thaales,OnlyNinjas,31551,0,290,94
1532,Thaales,ThePortals,7694,0,273,91
1533,Arik1984,BinaryStar,67228,0,2935,651
1534,nikolavel,deathRay,3869,0,298,92
1535,nathan31220,Towers,6085,0,34,11
1536,nathan31220,test,34927,0,217,83
1537,nathan31220,LaserShow,24339,0,6,2
1539,nathan31220,TEST1,5460,0,25,8
1540,nathan31220,Surprise,17666,0,20,5
1542,nathan31220,Infiltrate,37001,0,48,13
1550,nathan31220,SpeedTest03,17171,0,20,6
1551,SgtMarlboro,MadeInFranceBunker,11262,0,289,79
1552,nathan31220,XYZs,10063,0,42,11
1555,nathan31220,NotSoFast,11141,0,6,2
1557,nathan31220,JUMP,8095,0,6,3
1558,SgtMarlboro,MadeInFranceComplex,10629,0,211,56
1559,SgtMarlboro,MadeInFranceBuzz,24208,0,124,32
1560,Arenathos,Sawladilla,7135,0,348,112
1562,nathan31220,PRISONBRECK,40501,0,50,14
1563,Neurohazard,shades,8421,0,298,87
1564,Neurohazard,depths,16573,0,257,74
1565,Neurohazard,Hiding,23568,0,220,62
1567,littlekiwi,test,5362,0,277,91
1568,mino76FR,Pacman,14619,0,252,65
1570,Chewbacca31,Hells,20403,0,121,35
1571,Prayer,ThatWasClose,4817,0,162,45
1572,SgtMarlboro,MadeInFranceSpy,15534,0,268,75
1573,Kyro,Level1,23965,0,356,101
1574,TheMightyBen,LightsOut,7518,0,385,111
1575,onthego88,Technik,10580,0,281,78
1576,Adtberp,nivel1,19086,0,190,48
1577,jfjfjf5113,1niv,8927,0,331,113
1578,yenorin,PrisonEscape,4829,0,407,143
1579,hgyftftfu,438765,13792,0,22,8
1580,fernanda23,COMPLEXNOOB,8361,0,276,94
1583,hgyftftfu,sad264,34869,0,0,0
1584,skyll,first,9189,0,102,27
1585,Sliepy,BasicTrainingR,4778,0,219,62
1587,SteamINK,PrinceOfPersiaTest,6102,0,378,125
1588,DarthSmall,SURVIVAL,9383,0,365,111
1590,Khorosif,KHOR1,37684,0,257,76
1591,Frksurf,Frk2,41084,0,303,74
1592,Kryn,AlternativeTutorial,10302,0,404,108
1594,jfjfjf5113,laturieauto,2696,0,11,3
1596,TheMightyBen,ShadowPatrol,6898,0,355,105
1598,Kryn,Intruder,37063,0,488,125
1599,Kolink,Dangers,23239,0,331,94
1600,yamzy,Yamzy1,14735,0,85,23
1601,Smitan99,tele,41738,0,244,68
1602,Simsim7640,Boucherie,6169,0,221,69
1605,R0b1,EnterTheGQ,3751,0,321,135
1606,Branco,ulldieatleastonce,4464,0,277,101
1607,Simsim7640,tetris,8185,0,228,80
1608,benouz46,jump,4344,0,255,76
1609,springbok3,SpyBastard,6148,0,145,43
1610,MgrCzed,Trolololo,8557,0,342,137
1611,maixior123,maixior123,5506,0,311,109
1612,Belicja,Prisoned1,9963,0,374,120
1613,StealthTime,FirstTriggerlevel,17997,0,374,122
1615,TheL0lface,Terminal,20809,0,293,110
1616,GarbageDay,Start,15847,0,230,69
1618,gboy,Mathquiz,23547,0,318,85
1619,onthego88,logik,8547,0,67,19
1620,onthego88,2logik,8887,0,100,28
1621,Tsuna2221,1111,18476,0,273,96
1622,SoughtSafe,asgsadgsa,16983,0,257,96
1623,B666,trainingChamber01,40616,0,283,74
1624,a0puncfan,TestingYourSkills,56775,0,100,28
1627,MGalpha,conduits,8413,0,243,75
1628,dizel,roBotfactory,131897,0,0,0
1629,dizel,Startingground,12910,0,290,91
1634,MGalpha,escape,9083,0,230,69
1635,MGalpha,easy,6142,0,353,122
1636,mosi,Active,3431,0,188,60
1637,MGalpha,ventilo,14145,0,213,67
1638,MGalpha,green,7754,0,145,45
1639,B666,1stJOB,71058,0,95,25
1640,skyll,SecondLevel,11231,0,236,74
1641,mosi,Move,8809,0,131,37
1642,Tomesv,Sprotch,9061,0,148,39
1643,mino76FR,roBotfactory,131932,0,0,0
1646,B666,saboteurLvl01,147542,0,117,28
1647,a0puncfan,AerisCorp,22153,0,182,46
1648,nubbling,babysfirstlevel,30170,0,163,49
1649,hgyftftfu,SmalThing,31415,0,173,53
1650,jfjfjf5113,niv,2954,0,192,64
1651,CaptureALag,Capture1,9506,0,232,70
1652,mosi,GGG,9840,0,146,45
1653,Shark2199,Chomper1,39571,0,232,70
1654,Shark2199,Chomper2,19559,0,190,57
1655,Shark2199,Chomper3,7988,0,231,70
1656,Shark2199,Chomper4,27246,0,107,31
1658,iota,Tower,29301,0,229,66
1659,Tortliena,Plushypusher,11861,0,109,28
1660,Mosi,RUN,5736,0,149,43
1661,Anonyme,75ClicsMortel,20429,0,191,74
1662,Anonyme,Evad1,24790,0,52,14
1663,Anonyme,Evad2,34958,0,68,19
1664,cake0pie,PursuitEvasion,46287,0,7,2
1665,cake0pie,OnTheClock,38293,0,130,31
1666,Anonyme,Evad3,23615,0,55,13
1667,MrPunisher,hauntedhouse,49950,0,274,95
1668,jaysloter,stealth0insanity,15150,0,185,63
1669,jfjfjf5113,onvimempauneseconde,2109,0,0,0
1671,jaysloter,trap0mayhem,85147,0,89,28
1672,Mosi,Red,6222,0,156,47
1673,jpl,TYTY,4576,0,201,81
1675,B666,SaboteurLvl02,144299,0,53,14
1676,B666,dontFall,44575,0,227,63
1677,evan723,minesecret,37653,0,211,79
1678,PowerTool,PowerToolStage1,10465,0,6,2
1679,6aTbKo,EnterToComplex,22457,0,120,34
1680,6aTbKo,HollToComplex,22838,0,143,36
1681,6aTbKo,LastStepToComplex,26270,0,137,37
1684,Heaven31,HellOrHeaven,8026,0,15,5
1687,MrFlow,Brutality,10178,0,76,18
1690,MrFlow,ThinkBeforeYouAct,19518,0,358,83
1691,Kernevez,StreetjumpzV1,3613,0,215,71
1692,Arranzee,FryingNorth,8246,0,285,80
1693,cake0pie,DigiClock,22462,0,8,2
1694,cake0pie,DigiClockHARDCORE,22619,0,10,2
1696,Damon53,THEPATH,24386,0,144,40
1697,Gomes,HouseInfiltration,21418,0,103,25
1698,zeldow010,Zeldows,9165,0,172,48
1701,Alterwik,CrazyDiscoDance,8564,0,0,0
1702,Gati,ventilo,12967,0,245,76
1703,mino76FR,CrazyDiscoDance,8636,0,130,36
1704,cake0pie,DigiClockEASY,22312,0,60,14
1705,cake0pie,GapInTheStar,15369,0,85,21
1706,CelticBeast,NoIdea,27330,0,137,43
1707,CelticBeast,Trickery,26267,0,253,76
1708,ronald,NUMERO,20539,0,262,60
1709,ronald,code3212,26590,0,0,0
1710,ronald,LightLab,5576,0,125,33
1711,ArkDemiGod,Do1You1Like1Buttons,14490,0,293,96
1714,ArkDemiGod,The1Building,8410,0,302,91
1715,DragonDude,TrollFaic,32421,0,199,59
1716,Shield007,ALPHACOMPLEX,53118,0,91,22
1717,Shield007,RUNAWAY,18997,0,11,4
1718,endermeenie,Gotcha,5410,0,209,60
1719,bugibastard,escape,8274,0,261,76
1720,MrSaturn,Test,2301,0,5,1
1721,Schbly,Ahcoucou,5104,0,229,88
1723,Schbly,Surprise,10120,0,125,37
1724,Schbly,Ooops,10109,0,232,67
1725,SamF,Intruder,56818,0,233,60
1726,ARCT,Hurryup,14195,0,299,88
1727,supercitizen,firstlight,39170,0,227,67
1728,supercitizen,Labryinth,37225,0,269,75
1729,Maxoumi,BlackDead,42127,0,0,0
1730,Scrashdown,PremierEssai,11810,0,217,101
1732,5crownik007,REDNECKROWDOWN,36791,0,204,88
1733,winteryeti,DuctAndCover,28295,0,225,62
1734,B666,CUBE01,74980,0,92,24
1736,Nathinator,Gauntlet,25395,0,289,86
1737,Isaac42,SpyDead,15565,0,191,55
1738,toadtunnel,1stmap,11361,0,247,85
1739,Eximius,MicroGearFluid,41997,0,34,11
1740,windowtoine,premier,20267,0,230,96
1742,Brunehilde,HiddenBastard,11938,0,251,59
1743,rage2win,Pewdspractice,11076,0,206,73
1744,Brunehilde,ColorLab,11887,0,3,1
1745,Clayrok,Clayrok1,14686,0,118,34
1746,xarfol130,xarfol1,8019,0,154,48
1747,Timbles,GrittyFactory,10463,0,160,50
1748,Slavok,Bred,9691,0,39,9
1749,bigbrother,shadowstage,10659,0,118,32
1751,bigbrother,hardestgame,12996,0,32,9
1753,bigbrother,havefun,8749,0,0,0
1755,Heaven31,Run4YourLife,6154,0,260,86
1756,Heaven31,BunnyJump,7304,0,239,75
1757,Heaven31,YouGonnaHateMe,8907,0,32,8
1758,Slavok,ProBa,8309,0,26,7
1760,Heaven31,FastAndFurious,7088,0,165,47
1761,Tortliena,Towerclimb,25802,0,0,0
1762,Churchy,Buzzkill,22052,0,141,48
1765,Heaven31,GoEscapeFast,9890,0,21,5
1766,Ferneu,NotSoLong,30923,0,181,55
1767,Ferneu,RobotsInTheSun,43547,0,237,80
1768,Miles7,Jump,37285,0,234,69
1770,hsa,CrouchEnd,21236,0,177,62
1771,Eagle720,EasyFirstLevel,24851,0,317,114
1772,IspiderOno,SneekyLittleDick,7841,0,236,73
1773,jonrod2020,FUN,3326,0,210,84
1774,theuhie,DarkRoom,4494,0,173,74
1775,theuhie,EscapeThePrison,5958,0,224,81
1778,Tacocake,SBF1,18101,0,128,35
1779,theuhie,Mainframe2Disabler,3494,0,181,66
1780,TehLPDragon,CloseCall,31922,0,151,46
1781,thegamefreak,DeathTrap,8349,0,91,25
1782,theuhie,Mainframe3LazerCrazy,3131,0,184,70
1783,theuhie,MFUltimateStealth,10328,0,189,66
1784,Tacocake,BOSS1,4267,0,24,6
1785,Remredjr,Level1,5363,0,177,54
1786,xRevolutiion,SkillTest,16667,0,0,0
1788,Heaven31,PUSHnRUN,15727,0,265,84
1789,FlameHaze,FirstSteps,17858,0,182,70
1794,Viscount,BeastMode,45144,0,42,13
1795,SlySloth,RouteMaster,26950,0,98,27
1797,Rankerboy,Speedrun,28964,0,174,49
1799,arcyse,lol,7573,0,151,46
1801,spudcake104,SpudPro,18703,0,110,32
1802,Rankerboy,SpeedrunBeta,29225,0,269,73
1803,arcyse,HardYesPossibleYes,4976,0,93,27
1804,Skullatorz,ChallengeForSips,33927,0,102,32
1805,Grimthefirst,TooEasy,16051,0,175,61
1806,JcbChpmn,Rooftop,14112,0,230,71
1807,Danlfc1,first,38610,0,143,52
1808,arcyse,ESCAPEDAFACILITY,12007,0,151,51
1809,Chemo,SneakBy,26923,0,0,0
1811,Fossil14,EnemyUnknown,33948,0,175,49
1812,bashram,first,12858,0,109,35
1813,Cyro124,BabySteps,32131,0,153,48
1816,Terrorbyte,Boyland2,24878,0,72,18
1817,SergeantTV,EARNED1,33198,0,129,41
1818,Deiviux90,BastardsTest,37904,0,92,27
1820,gamerninja12,switchy,28271,0,182,60
1822,N00bness,LeapOfFaith,5674,0,202,59
1823,yourmum2557,StealthBasterdCourse,7156,0,176,59
1824,Terrorbyte,Boyland1,9692,0,62,17
1825,Deiviux90,BastardsTest2,40090,0,89,26
1826,GhostCrab,HerpDerp,27790,0,228,66
1827,TofeeTuff,MyFirstTest,8513,0,213,77
1828,samtarling,LightsCameraAction,32415,0,224,70
1829,minceraft,HighwayPatrol,16946,0,175,50
1830,arcyse,ASPYISINOURBASE,12980,0,204,60
1831,MikeSevenXX,runandjump1,6021,0,213,57
1832,Warack,TheBigJob,40071,0,184,49
1833,TofeeTuff,Risk,15362,0,160,52
1834,bashram,running1tasks,15498,0,246,65
1835,joken,robotshateyou,4956,0,125,37
1836,bashram,many1hazerds,30554,0,190,52
1837,Tgrex1,stealther,4741,0,225,63
1838,LiveOrLetDie,Snekky,5038,0,206,65
1839,SweatyHippie,jumpingchallenge,10375,0,182,50
1840,SweatyHippie,reallysimple,5240,0,189,56
1841,liam2012,Test,13084,0,206,66
1842,bloodscar,Anything,10436,0,193,56
1843,LordMacKarl,LaserMashing,35223,0,179,50
1844,bocaj00,MyFirstLevel,30250,0,208,72
1846,Ernst,lolalo,5928,0,141,43
1848,Heaven31,BugJumpTEST,3147,0,160,66
1850,Trintignant,Unforgiving,38872,0,0,0
1851,Heaven31,LongestJUMPever,1953,0,13,3
1852,silassilas1,SecretMission,7769,0,200,59
1853,sekritbros2,SO1,20931,0,144,37
1859,Heaven31,BugJumpTEST2,4009,0,201,74
1860,MrScratch,FirmShaft,8147,0,222,64
1864,Ernst,prisonbreak,8919,0,137,40
1865,garlong,garlong,5236,0,0,0
1866,AlarmedHawk,BastardCrazy,7380,0,146,39
1868,Heaven31,runFORRESTrun,9781,0,164,45
1869,JimmyJMan,The1stmoldume,9998,0,230,69
1870,JMH947,Test,28091,0,196,74
1871,theuhie,Sherflab,2855,0,172,57
1872,arcyse,DATLEVEL,7878,0,176,49
1873,toad3,SpeedBastard,9681,0,195,55
1874,Greatdazza,Robot,36614,0,0,0
1875,Doomhawk5,Compact,20573,0,214,58
1876,zcreeper101,2robots,6331,0,247,68
1877,Lukatonii,First,39831,0,129,36
1879,4b1,FlipTheSwitch,10169,0,267,68
1880,solidpwner94,FirstTimesTheCharm,25990,0,251,71
1881,pichu931,smallpuzzle,11958,0,0,0
1882,crazybritt15,SimpleButEffective,38674,0,244,81
1884,solidpwner94,ChooseYourPath,37454,0,225,60
1885,superspy117,base1,9584,0,249,68
1886,Kingly77,easy,5072,0,323,103
1887,solidpwner94,PieceOfCake,21594,0,333,88
1888,Slavok,Brodi1,6819,0,16,4
1889,Slavok,Prost,7261,0,142,43
1890,Timbles,SectionA7,23276,0,250,71
1891,Slavok,Portall2break,41508,0,223,75
1892,Metzelmax,RUNFORESTRUN,13771,0,334,80
1893,arcyse,hatOFFsunglassesON,13595,0,155,43
1894,Yenorin,Jailbreak1,12863,0,243,83
1895,jerecitee,A01,35575,0,138,37
1898,GARLONG,xpa,4331,0,143,50
1900,GARLONG,gaz,3144,0,155,58
1901,GARLONG,A01,35571,0,110,30
1902,funkytown,escape,9241,0,219,68
1905,Reblogo,Saint,8248,0,191,57
1906,Xicoxide,UnderGroundSecurity,10189,0,131,40
1907,slyers47,SlowDown,13822,0,155,51
1909,slyers47,color,5185,0,186,72
1910,slyers47,Passage,11812,0,178,70
1911,slyers47,1285473,25022,0,263,67
1912,slyers47,1000600,26820,0,354,96
1913,slyers47,color2,5652,0,166,52
1914,Dupo777,Area51,20250,0,141,43
1915,sumit2000,Lightgrown,13961,0,182,53
1916,domobiwan,vroum,3229,0,154,45
1917,tompara,QuickEscape,29514,0,341,96
1919,garlong,swe,4461,0,147,55
1920,catsrock,THECRAZYWORLD11111,5323,0,206,71
1921,slyers47,MeatBoy,30418,0,179,46
1922,maxvanmax,Part4Ever,17406,0,0,0
1923,maxvanmax,HauntedHouse,8408,0,5,2
1924,maxvanmax,FactoryOfGummyDuck,18326,0,31,9
1925,maxvanmax,123456,6404,0,69,21
1926,maxvanmax,ELEKTRIKHOME,10655,0,47,12
1927,maxvanmax,PortalAge,6951,0,280,102
1928,maxvanmax,SECRETBASE,7484,0,81,23
1929,maxvanmax,Underworld,12651,0,138,40
1930,maxvanmax,DEATHLIBILD,41414,0,41,11
1931,jerecitee,A02,11901,0,223,59
1932,piecreeper,avoidence,4001,0,202,72
1933,Swerth,BastardChallenge,26407,0,270,73
1935,mino76FR,basesecrete,16521,0,41,11
1936,Roka123,HoueBreakin,43542,0,197,66
1937,KeshirPL,EscapeFromLabPart1,10978,0,238,67
1938,WerryKuhn,Playing,10836,0,184,87
1939,B666,helloElevator,62405,0,65,18
1940,Darkfuzzy,Test,27425,0,136,53
1941,dogger528,1456,7928,0,71,28
1942,poissinet,n1prologuedifficile,24429,0,455,107
1943,gamer99999,TheWatcher1,22460,0,252,72
1944,Robfire,Expectance,15420,0,251,73
1945,TheAlvaMC,Deathrun,21073,0,207,63
1946,Jomy582,SpeedTest,3656,0,264,85
1948,Delmark,FabricRules,17655,0,0,0
1949,MilesE97,Infiltration,11135,0,199,57
1950,Silanus,Habilidades,11963,0,136,36
1951,MilesE97,Prueba,2315,0,200,71
1953,MilesE97,Something,8352,0,163,46
1954,Trance,Imagine,3031,0,172,54
1956,naitronbomb,123,46815,0,328,98
1958,nagi0222,OfficeComplex,43066,0,141,34
1959,Cenoxium,AbandonedFacility01,43103,0,268,91
1960,Design,Terminal,4721,0,239,86
1961,Xiemens,DeatchChamber1,20305,0,263,72
1962,Cenoxium,AbandonedFacility02,29697,0,312,84
1963,treg23,underlab01,39845,0,102,26
1964,Tail,Outdoors,6981,0,291,93
1965,jerecitee,A03,21861,0,74,22
1966,CheapDave,Free4All,19090,0,387,114
1967,Bond1999,PatrolerChelange,32142,0,200,62
1968,GARLONG,OMG,5162,0,187,65
1969,d117z,Grinder,35570,0,16,5
1971,dimonsound,0001,8720,0,0,0
1972,AdidasMint,nonsneak,6954,0,245,90
1973,garlong,bastard,5418,0,182,67
1974,giftfromhell,ididthelevelsodoit,36542,0,207,66
1975,N75,ChoicesN75,25494,0,91,24
1976,MagnusDanar,000AdeptusGate,17496,0,17,4
1977,Metzelmax,InTheOpen,11522,0,232,59
1978,Tenjin,TenjinVol1,9071,0,87,22
1981,11334455,backnfourth,14643,0,354,107
1982,MagnusDanar,001AdeptusFloor1,42440,0,52,12
1983,Metzelmax,BALANCE,28750,0,177,48
1990,Metzelmax,LightTheTree,36661,0,315,106
1991,11334455,gauntlet,20725,0,282,73
1992,11334455,highsecurity,8614,0,172,50
1993,Ju007,Dropcity,23061,0,35,9
1996,Metzelmax,MultiPhaseBossbattle,34222,0,198,53
1997,Tenjin,TenjinVol2,9756,0,236,65
1998,dimonsound,TheBastardRoom,34373,0,104,30
1999,lory2904,lory2904,3569,0,280,93
2000,giftfromhell,thinkhard,38653,0,181,56
2001,giftfromhell,facile,37908,0,178,58
2002,eagels3131,FirstSteps,17864,0,175,69
2003,z10,RealBossFight,9143,0,8,2
2004,lutche59210,RealBossFight,8768,0,209,73
2005,lutche59210,niveausimple,10167,0,220,76
2006,lutche59210,test,3721,0,196,76
2007,lutche59210,niveau2,4894,0,206,61
2008,kasyx75,FirstSteps,17887,0,193,90
2009,mino76FR,MINI,7726,0,180,46
2010,mino76FR,LASER,16731,0,71,18
2011,RobFearon,WichitaBastardman,19126,0,165,48
2012,RobFearon,SpyYesNotSoObvious,8867,0,284,74
2013,DAR5,did,10986,0,224,65
2014,lutche59210,elevation,6438,0,133,38
2016,5crownik007,LOTSOFSTUFF,9567,0,206,74
2017,rochdialami,rachid,7660,0,130,46
2018,MrFlow,TestingAreas,28004,0,15,4
2019,Ogoorek,Firstone,11309,0,231,61
2020,mino76FR,TestingAreas,28189,0,136,39
2021,ChaOtoko,SecurityMeasure5F,15010,0,173,51
2022,mino76FR,1terminal,12502,0,136,35
2023,Ogoorek,Ogoorek2,11015,0,164,45
2025,Metzelmax,FirstSteps,42801,0,219,59
2026,Swerth,MS1,25414,0,220,57
2027,lutche59210,Underground,11228,0,61,16
2028,Redscreen,NuclearPowerPlant,21363,0,0,0
2029,MucTuK,EasyAndCool,20911,0,401,111
2030,lutche59210,NuclearPowerPlant,21263,0,35,9
2032,max2001,level5,12659,0,242,72
2033,max2001,test002,9714,0,187,58
2034,max2001,level1,6079,0,203,75
2035,max2001,level2,6710,0,220,69
2036,max2001,level3,10982,0,255,81
2037,max2001,level4,11071,0,236,74
2038,max2001,Test001,6062,0,241,69
2039,Tenjin,TenjinVol3,5396,0,191,54
2040,kfrobot,Timing,10463,0,205,62
2041,benejeneb,firsttry,3756,0,134,46
2042,kubaf2000,Speed,7762,0,167,60
2043,AJ55,AJG22,2610,0,212,73
2044,kfrobot,RobotsFactory,118837,0,24,6
2045,theuhie,SimplePhysics,2691,0,210,81
2046,kungfused,ultibastardlevel,7109,0,118,34
2047,Nizaru,Obstacles,0,0,0,0
2048,Phoenix22,Tutorial,30629,0,213,65
2049,lutche59210,RobotsFactory,118650,0,44,12
2051,Phoenix22,RunningInTheDarkness,29968,0,245,59
2052,kfrobot,RobotsFactory01,54169,0,165,45
2053,kfrobot,RobotsFactory02,25578,0,155,42
2054,kfrobot,RobotsFactory03,40668,0,60,14
2055,kubaf2000,Test,7637,0,130,40
2056,panos21gr,banana,4367,0,161,55
2057,domobiwan,cache,8940,0,140,37
2058,panos21gr,ilovelasers,4245,0,0,0
2059,Nigunepi150,HardPass,35733,0,0,0
2060,BIGBenY,SuperBastardBoy,27791,0,200,57
2061,dmccree,Vents,19895,0,164,43
2062,BIGBenY,LastCrusade,58595,0,167,47
2063,MagnusDanar,102CarnivalCube6,39010,0,25,7
2064,MagnusDanar,101CarnivalCube5,38924,0,225,69
2065,MagnusDanar,104CarnivalCube7,38680,0,289,87
2066,D3STR01,Guilt,8070,0,242,70
2067,D3STR01,FirstDay,6021,0,263,80
2068,BIGBenY,102CarnivalCube6,39314,0,260,71
2069,aider,test,3776,0,268,88
2070,liax,lix3,32707,0,0,0
2071,rusmen,rusmenmap,39695,0,119,31
2072,Ashrados,HardThink,22014,0,171,49
2073,fisher,STEAL,17888,0,145,43
2074,zeeshan,STEAL,17895,0,181,57
2075,zeeshan,zeeshan,8872,0,195,67
2076,KsimentTom,Freerun,15787,0,125,33
2077,MagnusDanar,005AdeptusCore,38213,0,0,0
2078,LtVague,VagueLabs,79595,0,24,6
2079,jimmy,electric,8352,0,185,72
2081,zeeshan,wweww,14598,0,157,45
2082,BIGBenY,VagueLabs,79182,0,125,32
2083,Adtberp,nivel2,12045,0,47,14
2084,BIGBenY,Cube1,97408,0,119,32
2085,DroG,NechDelat,5494,0,147,43
2086,BIGBenY,SuperBastardBros,5675,0,301,93
2087,Slavok,ProstoNOneVsegda1,19546,0,122,41
2088,Slavok,NyKaK2,4574,0,161,46
2089,max2001,Level6,11066,0,209,64
2090,max2001,Level7,7337,0,293,86
2091,BIGBenY,SuperBastardBoy2,30419,0,194,51
2092,DroG,PodPivko,10909,0,73,26
2093,tytyhub,hard,22071,0,221,72
2094,juan47,robotdestruction01,3219,0,179,57
2095,juan47,CamerOn,21064,0,212,73
2096,RTYbanana,TheFacility,47121,0,202,63
2097,juan47,therun00,4935,0,152,47
2098,TeabagNinja,Manwich,13144,0,46,11
2099,zequack,TripleLock,149799,0,52,14
2100,Tortliena,Pillars101,16164,0,126,32
2101,Simsim7640,jumporfail,3687,0,232,75
2102,Pikasho0t,MushroomKingdom,11041,0,305,97
2103,Virus39,first,4507,0,214,68
2104,Survivalist,FirstLevel,5476,0,249,73
2105,brn93,IWillKillYou,5736,0,164,50
2106,brn93,NewBabilonia,3625,0,211,62
2107,Naskali,RoboticBaseOne,36553,0,190,67
2113,VladimirA94,VladimirsPlace01,10430,0,186,53
2114,Mongnar,TheFactoryPart1,50626,0,199,61
2115,ludoetben,DANGER01,16817,0,133,40
2116,ludoetben,SAW,4837,0,154,46
2117,ludoetben,DANGER02,8280,0,131,40
2118,garlong,Hazard,5836,0,122,48
2121,garlong,New,6928,0,173,57
2122,garlong,SAW,4865,0,155,49
2123,Mongnar,TheFactoryPart2,42851,0,0,0
2124,creepercat,THECRAZYWORLD11111,6165,0,126,45
2127,mino76FR,TheFactoryPart2,43125,0,80,23
2128,KRL,TheFacility,48824,0,211,62
2130,creepercat,THETOPSECURITYBANK1,8149,0,171,56
2131,123,zzz,4072,0,0,0
2132,lutche59210,zzz,4094,0,155,49
2135,pewdiepie123,saw,32610,0,189,69
2136,arcyse,TheSuperAwesomeLevel,12070,0,157,50
2137,Geoge101,puzzler,6865,0,110,45
2140,KRL,SECT0A,18044,0,137,50
2141,Geoge101,puzzler2,5282,0,115,38
2143,KRL,Myfirstlevel,8429,0,89,26
2144,KRL,What0Da0fuck,8678,0,107,34
2145,KRL,Bay,13518,0,0,0
2146,KRL,,5636,0,0,0
2147,mino76FR,Bay,13622,0,54,14
2148,morela,TEST,7119,0,127,33
2149,morela,Easy,10813,0,177,58
2150,morela,Short,8670,0,127,38
2151,morela,lvl,12320,0,115,35
2152,zaclecool,guybo,9123,0,136,46
2153,ZeroTheDuke,ticktock,29293,0,84,21
2154,mino76FR,Hazard,6827,0,123,36
2155,KRL,SECT0B,5205,0,41,13
2157,Geoge101,puzzler3,5088,0,96,31
2158,cmboccooo,nivel1,8737,0,0,0
2160,cmboccooo,Beshmudir1,7323,0,58,17
2166,cmboccooo,beshmudir2,10228,0,78,19
2167,ZeroTheDuke,PhoebeTest,4122,0,112,31
2169,LEMONVirus99,test2,24602,0,109,30
2170,LEMONVirus99,test,25564,0,116,32
2171,mino76FR,nivel1,8953,0,92,25
2172,Lofoforah,Escape1,23986,0,91,26
2173,chiok123456,escapadelaprision,7621,0,111,35
2174,Prrg,StealthBuggggedd,3941,0,1,1
2176,Lofoforah,LVL1,32762,0,57,16
2177,Prrg,GotU,5676,0,111,34
2181,edwin0915,ElevatorProblems,35630,0,76,21
2182,morela,lvl2,8197,0,121,38
2183,thecnmvids12,yaaaaaaaay,7911,0,146,49
2184,edwin0915,hackinfactory,6435,0,116,41
2186,GodLeft,EscapeIII,38652,0,128,41
2187,GodLeft,EscapeIV,39236,0,166,56
2188,GodLeft,RobotRoom,37933,0,112,33
2189,GodLeft,SwitchLocal,35179,0,159,53
2190,GodLeft,EntraceII,28345,0,142,49
2191,sailedsd,balderun,23371,0,100,28
2192,M4rt1n,Tino,18558,0,153,53
2193,sailedsd,disco,13968,0,75,19
2194,morela,Terminals,11650,0,223,65
2195,Akimatsu,Horolevel,15119,0,0,0
2196,NIC4901,NIC4901sJumpmap,37202,0,38,11
2197,SavageSnake,snake,10547,0,155,39
2198,SirGnampfer,TwoWays,11034,0,123,42
2199,MrJohannaMan,PrisonEscape,5546,0,144,49
2200,SirGnampfer,LaserAndLaser,32471,0,143,43
2201,mino76FR,PetitNiveau,14279,0,164,37
2202,MrOmNomNom3,Section3,4940,0,156,59
2204,GARLONG,Yayyyyyyyyyyyyyy,3531,0,88,37
2205,GARLONG,CrouchEnd,21242,0,109,37
2206,HPH,coolslak,17765,0,109,33
2208,plasmacopter,SystemHacker,18504,0,146,44
2210,GARLONG,Space,3972,0,133,45
2212,GARLONG,yayyyyyyyyy,4368,0,136,46
2213,GARLONG,Laval,5784,0,104,32
2215,GARLONG,123,6871,0,225,73
2216,Garjun,KingPart1,10475,0,114,42
2217,Garjun,SAWPartOne,5077,0,134,49
2218,KRL,SEKT0C,11701,0,0,0
2219,KRL,SEKT03,11760,0,71,21
2220,KRL,N0N4M3,10519,0,56,15
2222,Samicale,Poursuite,7618,0,31,8
2223,Nobody5007,hackandgo,5025,0,0,0
2224,Nobody5007,HackAndRun,4246,0,66,20
2225,Nobody5007,Cottage,6391,0,57,16
2226,Butt4cak3,DamnCamera,14350,0,87,29
2227,Butt4cak3,SteadyGoesTheRobot,8403,0,75,18
2228,SirGnampfer,Complex,20106,0,176,50
2229,SirGnampfer,OnlyUp,70448,0,151,42
2230,SirGnampfer,4Laser,24996,0,103,27
2231,mino76FR,Unforgiving,38978,0,182,45
2234,mooman2303,sockmonkey,3309,0,0,0
2235,MrFlow,TestAreas2,37083,0,113,26
2236,MrFlow,TestAreas3,32144,0,41,12
2237,MrFlow,DailyTraining,41484,0,57,16
2238,MrFlow,TheTube,45095,0,13,4
2240,ssimo3,Breakin1,10984,0,131,43
2241,DangerMuffin,SafeBreak,20399,0,0,0
2242,plasmacopter,Teleporting,13991,0,163,49
2243,mino76FR,SafeBreak,20481,0,151,46
2245,theonlyhuman,hellamnation,7196,0,46,12
2246,brn93,Inferno,3355,0,124,36
2248,gelgroyar33,132,46402,0,123,35
2253,gelgroyar33,snhgng,22046,0,46,13
2255,Nobody5007,Room,3817,0,53,13
2256,StealthClone,Adventure,129298,0,146,56
2257,mino76FR,Adventure,130324,0,150,46
2258,Batman5,Myfirstlevel,8600,0,116,38
2259,Batman5,Hard,6663,0,105,32
2260,raillus,02LaserField,16057,0,42,12
2262,Stealfbasted,easy,42513,0,0,0
2263,Jusa,Test,20525,0,108,34
2264,hamisawsome,DosTurret,9388,0,93,30
2265,hamisawsome,Noon,28762,0,106,37
2266,hamisawsome,Dusk,28767,0,98,36
2267,hamisawsome,Midnight,29449,0,125,45
2268,mino76FR,Bond007,8536,0,23,6
2269,edward789456,FirstSteps,17860,0,132,53
2270,SLEDZIU,dupa,39877,0,0,0
2271,morela,GreeN,18723,0,84,24
2272,morela,ShortTest,16256,0,22,6
2273,Momo,Portality,2770,0,81,26
2274,L4553,TheAssasin,10593,0,39,11
2276,mino76FR,Towers,6002,0,39,11
2278,kossmann1959,006,10398,0,15,4
2279,kossmann1959,001,5820,0,50,14
2280,kossmann1959,002,6459,0,6,2
2281,kossmann1959,003,6459,0,0,0
2283,kossmann1959,007,3628,0,7,2
2284,kossmann1959,004,4093,0,112,30
2285,kossmann1959,Towers,5922,0,23,7
2288,kossmann1959,005,21078,0,62,16
2289,kossmann1959,SchauWieWeitDuKommst,9079,0,21,6
2291,kossmann1959,008,11538,0,29,8
2293,kossmann1959,LookHowFarYouveCome,9079,0,34,10
2295,kossmann1959,UseYorBrain,11681,0,28,8
2296,kossmann1959,HowDoYouDo,9064,0,7,2
2297,kossmann1959,WhoSurvivedLonger,14920,0,82,24
2298,kossmann1959,WhatWillYouDoAtFirst,8064,0,77,22
2302,aggro,Darkness,7424,0,34,11
2304,garen2,dangerouscolours,11156,0,130,34
2305,garen2,greenlight,8349,0,87,25
2306,garen2,pipeworks,15049,0,86,24
2308,angelr,pommedeux,24234,0,35,10
2309,sam123456,trustable,14999,0,60,17
2311,KackeAnWand,Titelbild,24881,0,22,6
2312,Scottyman888,RobotRon,23928,0,84,27
2318,ednerd,EDNERD,40139,0,25,8
2322,GenVil14,TowerOfDeath,11008,0,49,15
2323,GenVil14,OneMinuteLevel,9443,0,15,4
2324,GenVil14,Tutorial,24713,0,100,29
2325,GenVil14,FastAscension,5731,0,0,0
2327,Marcotlo,DontTryThisAtHome,14734,0,84,22
2331,kossmann,FastAscension,5567,0,36,11
2332,kossmann,002,6631,0,26,8
2334,kossmann,CheckThisOut,39036,0,15,4
2336,kossmann,HurryUp,2599,0,47,14
2337,kossmann,KillTheRobots,14073,0,73,21
2338,kossmann,LikeIndianaJones,15571,0,47,12
2339,kossmann,LikeIndianaJones2,18583,0,27,7
2341,kossmann,Robots,53633,0,101,32
2342,kossmann,WhatNow,5081,0,25,7
2343,kossmann,001,5952,0,65,18
2344,kossmann,004,4211,0,67,19
2345,kossmann,BrainSucker,6872,0,36,10
2347,kossmann,007,3760,0,3,1
2348,kossmann,WhatWillYouDoAtFirst,8258,0,68,19
2349,kossmann,HowDoYouDo,9650,0,37,10
2350,kossmann,LookHowFarYouveCome,9196,0,42,12
2351,kossmann,UseYourBrain,11842,0,13,4
2352,kossmann,VersuchDrei,10533,0,36,8
2354,kossmann,DontWait,7594,0,35,10
2356,kossmann,SlidingBastard,20005,0,50,13
2358,kossmann,SawLevel,18489,0,39,10
2359,kossmann,Emma,12481,0,28,7
2362,kossmann,006,11633,0,40,11
2363,kossmann,InvidersKillThemAll,22174,0,60,17
2365,kossmann,Hotel,65705,0,49,13
2366,kossmann,Jail,35818,0,40,10
2367,kossmann,MeatFactory,40838,0,30,7
2368,markoibobo,thinkhard,38637,0,0,0
2369,Louis12321,Training,19778,0,113,34
2370,lutche59210,durdur,5086,0,39,12
2371,Pinhead125,LevelOne,33443,0,100,32
2372,mino76FR,Cameras,21761,0,41,12
2373,Robotissm,Level1,13245,0,130,39
2374,mino76FR,thinkhard,38693,0,82,24
2375,mino76FR,mino0004,18560,0,57,15
2376,sayakdas4,JAILSCAPE,16726,0,34,9
2377,MrFlow,SawTime,33053,0,3,1
2378,PXLStripes,1st,15130,0,94,27
2379,PXLStripes,GreenShadows,18626,0,143,39
2380,PXLStripes,escape,13713,0,144,43
2381,mino76FR,SawTime,32777,0,56,14
2384,SavageSnake,BinaryCode,11151,0,59,15
2385,DungeonDiggR,DeathCourse,19657,0,0,0
2386,NitroKing,Tricky,13582,0,61,17
2387,mino76FR,dominique,18283,0,45,12
2388,qwaserdfc,SEEKER,76170,0,6,2
2389,PXLStripes,DontEscape,18160,0,0,0
2390,Trollzor,DasLevel,5553,0,162,55
2391,DavidJovan,BLAAAAA,26870,0,0,0
2392,mino76fr,DeathCourse,24969,0,62,17
2393,Tobik,Hardtest15,18074,0,0,0
2394,PICMIN,troll,16922,0,32,10
2396,Aemo,ard,71090,0,69,20
2397,Aemo,danger,74280,0,39,11
2398,ataxerces,123,14440,0,123,33
2399,ataxerces,moi,15819,0,62,20
2400,ataxerces,troll,16911,0,49,15
2401,maXSpeed,Danger,8149,0,0,0
2402,maXSpeed,CvaGov,11905,0,11,3
2403,maXSpeed,Area9,24251,0,3,1
2404,maXSpeed,HideAndGoDIE,20107,0,39,11
2405,maXSpeed,BoobyTRAPS,18056,0,0,0
2406,diamantico21,SunDied,12761,0,48,16
2407,maXSpeed,MoveFastOrDIE,12450,0,67,18
2408,maXSpeed,OpenTheDoors,25482,0,48,13
2409,Aemo,ZAC,31656,0,30,9
2410,Aemo,hazard,49381,0,75,23
2411,mino76fr,Area9,24312,0,56,15
2412,mino76fr,CvaGov,12032,0,34,10
2413,mino76fr,Danger,8319,0,26,8
2416,Aoya,adventure,88789,0,93,27
2417,Aoya,Attack,50030,0,72,22
2418,Aoya,hans,38009,0,88,24
2419,Aoya,Backtracking,8496,0,86,26
2420,mino76fr,MURS,16439,0,61,16
2421,Fringe,NJIKOO,19359,0,45,13
2422,Fringe,adventureX,19366,0,71,21
2423,maXSpeed,Alert,14909,0,48,13
2424,maXSpeed,StealthTime,12419,0,51,13
2425,Fogum31,SimpleOrNot,0,0,0,0
2426,namaasli,Simple,19924,0,91,24
2427,fringer,danger,65147,0,56,16
2428,namaasli,Escape,58571,0,93,26
2429,fringer,test,32722,0,84,24
2430,fringer,zero,5705,0,140,43
2431,fringer,attack,9552,0,116,34
2432,fringer,guner,20522,0,91,28
2433,KoDtiff,ESCAPE,15438,0,118,30
2434,KoDtiff,HARDFIGTH,29239,0,109,30
2435,fringer,HIER,10886,0,113,34
2437,fringer,HIER2,11106,0,86,27
2438,Swiperpixels,SwapCam,19389,0,89,25
2439,4everFaikar,PlayIt,7134,0,82,23
2441,marioo,FirstSteps,17971,0,0,0
2442,tfive,Danger,23512,0,55,16
2443,tfive,ultra,16412,0,100,29
2445,attack,feartest,13599,0,74,20
2446,attack,TripleChocChipped,34142,0,75,20
2448,garen2,Vents,17351,0,81,22
2449,garen2,robofactory,12537,0,106,28
2450,garen2,Ultimatelights,8732,0,32,8
2451,garen2,PrisonBreak,15841,0,105,28
2455,jik,seater,12320,0,121,36
2456,jik,juiper,23212,0,83,23
2459,jik,enterboss,13162,0,119,32
2461,jik,veta,11604,0,124,36
2462,jik,heavyzome,55854,0,68,20
2463,jik,trailer,10290,0,147,48
2465,jik,allgoodthings,58225,0,18,5
2466,TheMrPiggy22,TrustMe,21430,0,185,49
2467,DarkClone,SEEKER,23234,0,96,25
2468,Wema592A7,CamerOn,22032,0,16,5
2469,DarkClone,Laser,26529,0,43,12
2472,TheBestClone,Escape,16664,0,178,52
2473,TheBestClone,Options,25612,0,137,37
2474,faisal86,faisl,15156,0,66,18
2475,Snakesrcool,TheRightWay,20042,0,131,40
2476,mino76fr,Ultimatelights,8972,0,156,44
2477,Gythar,Facility,44560,0,102,27
2478,siegenoul,Cliff,29274,0,39,11
2479,ALVIN123,LOGICITY,20781,0,118,30
2480,ArMaNZERO,Escape01,22248,0,106,28
2481,devichi,RobotRon,23961,0,63,21
2482,Epycist,FirstGoodLevel,6657,0,118,38
2484,GarlongC,simple,6475,0,114,35
2485,brush2008,BADMORNING,31669,0,3,1
2486,B666,Ultimatelights,8954,0,59,16
2487,Tots,Escape,42944,0,24,6
2488,omaraouini,TheChessBoard,47654,0,70,20
2489,Irvine,Nice,1962,0,56,19
2493,bruce31,OfficeHeist,6684,0,54,15
2494,brush2008rt,brush1,9813,0,34,9
2495,brush2008rt,getthedata,6819,0,51,15
2496,brush2008rt,shadowmybestfriend,8942,0,17,4
2497,brush2008rt,haha,31213,0,12,3
2498,brush2008rt,oww,41656,0,62,19
2499,brush2008rt,fallingblocks,13879,0,0,0
2500,brush2008rt,king,18419,0,0,0
2501,brush2008rt,hackininsidefactory,13604,0,110,30
2503,brush2008rt,brush2,36290,0,61,19
2504,julitrojan,Juliano,10600,0,0,0
2505,julitrojan,Julianoproject1,9104,0,0,0
2506,Jean757,switcher,27393,0,126,34
2507,brush2008vr2,night,47387,0,44,13
2508,brush2008vr2,pot,8300,0,48,14
2509,brush2008vr2,bujasimsim,39266,0,36,9
2511,brush2008vr2,ahhhhhhhhhhhhh,6000,0,57,21
2512,brush2008vr2,adaddad,35319,0,95,29
2513,brush2008vr2,Reapeter,28463,0,9,2
2514,shiweiliang,shiweiliang01,32286,0,96,28
2515,P0S31D0N,TrollLevel,17762,0,93,30
2516,ChenYang,ChenYangOutB1,34504,0,61,19
2517,fabius,arena,7864,0,8,2
2519,fabius,kolloseum,8796,0,4,1
2523,fabius,optimum,13603,0,17,4
2524,fabius,Untitled67,7625,0,22,6
2525,fabius,OptimusQuisque,24448,0,5,1
2527,fabius,optimusquisque56,25233,0,0,0
2528,fabius,section1,86462,0,17,4
2530,brush2008vr2,police,24912,0,21,5
2532,XTus4X,XTus4X,11058,0,46,16
2534,Knose1,Test1,10138,0,53,17
2535,optima,fabius,22483,0,31,8
2537,dizaii,coronavirusdizaii,28405,0,20,6
2538,Azkhan,123456,5414,0,9,5
2539,Azkhan,me123,7820,0,17,6
2540,Azkhan,MYNAME,9078,0,0,0
2541,Azkhan,Akn,2176,0,7,3
